1503960366,2016-04-12,25241,1985
1624580081,2016-04-12,17234,1432
1644430081,2016-04-12,22768,3199
1844505072,2016-04-12,21704,2030
1927972279,2016-04-12,15599,2220
2022484408,2016-04-12,23035,2390
2026352035,2016-04-12,18830,1459
2320127002,2016-04-12,23090,2124
2347167796,2016-04-12,24924,2344
2873212765,2016-04-12,22570,1982
3372868164,2016-04-12,19118,1788
3977333714,2016-04-12,20644,1450
4020332650,2016-04-12,26521,3654
4057192912,2016-04-12,18434,2286
4319703577,2016-04-12,14400,2115
4388161847,2016-04-12,14400,2955
4445114986,2016-04-12,18392,2113
4558609924,2016-04-12,20576,1909
4702921684,2016-04-12,21040,2947
5553957443,2016-04-12,22118,2026
5577150313,2016-04-12,26431,3405
6117666160,2016-04-12,14400,1496
6290855005,2016-04-12,17890,2560
6775888955,2016-04-12,14400,1841
6962181067,2016-04-12,22065,1994
7007744171,2016-04-12,27171,2937
7086361926,2016-04-12,24496,2772
8053475328,2016-04-12,26168,3186
8253242879,2016-04-12,20620,2044
8378563200,2016-04-12,24210,3635
8583815059,2016-04-12,18896,2650
8792009665,2016-04-12,17433,2044
8877689391,2016-04-12,32010,3921
1503960366,2016-04-13,22859,1797
1624580081,2016-04-13,16990,1411
1644430081,2016-04-13,20656,2902
1844505072,2016-04-13,19880,1860
1927972279,2016-04-13,15014,2151
2022484408,2016-04-13,25074,2601
2026352035,2016-04-13,19636,1521
2320127002,2016-04-13,21782,2003
2347167796,2016-04-13,21675,2038
2873212765,2016-04-13,22820,2004
3372868164,2016-04-13,22380,2093
3977333714,2016-04-13,21286,1495
4020332650,2016-04-13,14400,1981
4057192912,2016-04-13,18566,2306
4319703577,2016-04-13,17299,2135
4388161847,2016-04-13,19246,3092
4445114986,2016-04-13,18230,2095
4558609924,2016-04-13,18560,1722
4702921684,2016-04-13,20680,2898
5553957443,2016-04-13,18759,1718
5577150313,2016-04-13,19807,2551
6117666160,2016-04-13,14400,1496
6290855005,2016-04-13,20302,2905
6775888955,2016-04-13,18778,2400
6962181067,2016-04-13,19063,1718
7007744171,2016-04-13,25369,2742
7086361926,2016-04-13,22235,2516
8053475328,2016-04-13,25796,3140
8253242879,2016-04-13,19519,1935
8378563200,2016-04-13,27168,4079
8583815059,2016-04-13,18925,2654
8792009665,2016-04-13,16499,1934
8877689391,2016-04-13,29267,3566
1503960366,2016-04-14,22589,1776
1624580081,2016-04-14,18918,1572
1644430081,2016-04-14,22960,3226
1844505072,2016-04-14,22772,2130
1927972279,2016-04-14,16633,2383
2022484408,2016-04-14,22289,2312
2026352035,2016-04-14,18461,1431
2320127002,2016-04-14,18436,1696
2347167796,2016-04-14,21376,2010
2873212765,2016-04-14,21556,1893
3372868164,2016-04-14,22082,2065
3977333714,2016-04-14,20397,1433
4020332650,2016-04-14,14515,2011
4057192912,2016-04-14,14400,1776
4319703577,2016-04-14,22733,2302
4388161847,2016-04-14,22986,2998
4445114986,2016-04-14,19091,2194
4558609924,2016-04-14,20719,1922
4702921684,2016-04-14,21308,2984
5553957443,2016-04-14,25376,2324
5577150313,2016-04-14,31804,4022
6117666160,2016-04-14,14400,1496
6290855005,2016-04-14,20632,2952
6775888955,2016-04-14,19613,2507
6962181067,2016-04-14,16313,1466
7007744171,2016-04-14,24682,2668
7086361926,2016-04-14,24100,2734
8053475328,2016-04-14,27987,3411
8253242879,2016-04-14,17204,1705
8378563200,2016-04-14,27726,4163
8583815059,2016-04-14,17415,2443
8792009665,2016-04-14,16741,1963
8877689391,2016-04-14,31155,3793
1503960366,2016-04-15,22190,1745
1624580081,2016-04-15,16174,1344
1644430081,2016-04-15,19572,2750
1844505072,2016-04-15,18446,1725
1927972279,2016-04-15,15508,2221
2022484408,2016-04-15,24342,2525
2026352035,2016-04-15,18642,1444
2320127002,2016-04-15,19586,1801
2347167796,2016-04-15,22681,2133
2873212765,2016-04-15,23496,2063
3372868164,2016-04-15,20404,1908
3977333714,2016-04-15,20899,1468
4020332650,2016-04-15,21440,2951
4057192912,2016-04-15,12240,1527
4319703577,2016-04-15,19596,1985
4388161847,2016-04-15,23513,3066
4445114986,2016-04-15,21719,2496
4558609924,2016-04-15,22863,2121
4702921684,2016-04-15,20676,2896
5553957443,2016-04-15,24611,2254
5577150313,2016-04-15,31660,4005
6117666160,2016-04-15,27568,2865
6290855005,2016-04-15,20240,2896
6775888955,2016-04-15,16644,2127
6962181067,2016-04-15,19582,1756
7007744171,2016-04-15,19409,2098
7086361926,2016-04-15,21166,2395
8053475328,2016-04-15,28013,3410
8253242879,2016-04-15,16462,1632
8378563200,2016-04-15,24348,3666
8583815059,2016-04-15,15742,2505
8792009665,2016-04-15,17137,2009
8877689391,2016-04-15,32217,3934
1503960366,2016-04-16,23694,1863
1624580081,2016-04-16,17614,1463
1644430081,2016-04-16,24860,3493
1844505072,2016-04-16,17716,1657
1927972279,2016-04-16,14400,2064
2022484408,2016-04-16,20984,2177
2026352035,2016-04-16,17724,1373
2320127002,2016-04-16,18742,1724
2347167796,2016-04-16,28392,2670
2873212765,2016-04-16,24484,2148
3372868164,2016-04-16,20401,1908
3977333714,2016-04-16,23126,1625
4020332650,2016-04-16,22186,3051
4319703577,2016-04-16,18607,1884
4388161847,2016-04-16,23564,3073
4445114986,2016-04-16,18973,2180
4558609924,2016-04-16,21451,1997
4702921684,2016-04-16,23716,3328
5553957443,2016-04-16,19990,1831
5577150313,2016-04-16,33785,4274
6117666160,2016-04-16,27215,2828
6290855005,2016-04-16,19454,2783
6775888955,2016-04-16,17404,2225
6962181067,2016-04-16,24118,2173
7007744171,2016-04-16,19203,2076
7086361926,2016-04-16,14449,1635
8053475328,2016-04-16,23554,2867
8253242879,2016-04-16,18973,1880
8378563200,2016-04-16,22398,3363
8583815059,2016-04-16,14400,2693
8792009665,2016-04-16,14679,1721
8877689391,2016-04-16,37117,4547
1503960366,2016-04-17,21972,1728
1624580081,2016-04-17,18706,1554
1644430081,2016-04-17,21426,3011
1844505072,2016-04-17,19172,1793
1927972279,2016-04-17,14402,2063
2022484408,2016-04-17,26814,2782
2026352035,2016-04-17,15675,1214
2320127002,2016-04-17,20140,1852
2347167796,2016-04-17,20015,1882
2873212765,2016-04-17,17420,1529
3372868164,2016-04-17,21003,1964
3977333714,2016-04-17,21769,1529
4020332650,2016-04-17,14457,1990
4319703577,2016-04-17,14460,1464
4388161847,2016-04-17,19724,2572
4445114986,2016-04-17,16808,1933
4558609924,2016-04-17,22775,2117
4702921684,2016-04-17,24232,3394
5553957443,2016-04-17,15260,1397
5577150313,2016-04-17,36024,4552
6117666160,2016-04-17,21416,2225
6290855005,2016-04-17,22164,3171
6775888955,2016-04-17,16169,2067
6962181067,2016-04-17,22621,2027
7007744171,2016-04-17,22045,2383
7086361926,2016-04-17,14400,1629
8053475328,2016-04-17,26388,3213
8253242879,2016-04-17,21304,2112
8378563200,2016-04-17,17130,2572
8583815059,2016-04-17,14400,2439
8792009665,2016-04-17,14400,1688
8877689391,2016-04-17,28959,3545
1503960366,2016-04-18,24433,1921
1624580081,2016-04-18,19308,1604
1644430081,2016-04-18,19972,2806
1844505072,2016-04-18,19384,1814
1927972279,2016-04-18,14736,2111
2022484408,2016-04-18,26702,2770
2026352035,2016-04-18,18308,1419
2320127002,2016-04-18,20708,1905
2347167796,2016-04-18,20674,1944
2873212765,2016-04-18,21521,1890
3372868164,2016-04-18,21534,2014
3977333714,2016-04-18,22547,1584
4020332650,2016-04-18,14505,1995
4319703577,2016-04-18,16152,1632
4388161847,2016-04-18,25102,3274
4445114986,2016-04-18,19561,2248
4558609924,2016-04-18,22756,2116
4702921684,2016-04-18,21516,3013
5553957443,2016-04-18,18376,1683
5577150313,2016-04-18,28681,3625
6117666160,2016-04-18,19426,2018
6290855005,2016-04-18,19332,2766
6775888955,2016-04-18,21887,2798
6962181067,2016-04-18,22788,2039
7007744171,2016-04-18,26197,2832
7086361926,2016-04-18,24244,2743
8053475328,2016-04-18,25734,3133
8253242879,2016-04-18,18449,1829
8378563200,2016-04-18,27690,4157
8583815059,2016-04-18,17816,2536
8792009665,2016-04-18,14400,1688
8877689391,2016-04-18,22528,2761
1503960366,2016-04-19,25883,2035
1624580081,2016-04-19,17274,1435
1644430081,2016-04-19,23158,3300
1844505072,2016-04-19,14604,1366
1927972279,2016-04-19,14400,2063
2022484408,2016-04-19,23980,2489
2026352035,2016-04-19,17496,1356
2320127002,2016-04-19,19692,1811
2347167796,2016-04-19,24942,2346
2873212765,2016-04-19,22281,1956
3372868164,2016-04-19,21232,1985
3977333714,2016-04-19,23211,1638
4020332650,2016-04-19,14400,1980
4319703577,2016-04-19,21765,2200
4388161847,2016-04-19,23116,3015
4445114986,2016-04-19,17003,1954
4558609924,2016-04-19,20170,1876
4702921684,2016-04-19,20080,2812
5553957443,2016-04-19,24936,2284
5577150313,2016-04-19,27708,3501
6117666160,2016-04-19,25081,2606
6290855005,2016-04-19,19842,2839
6775888955,2016-04-19,14400,1841
6962181067,2016-04-19,22830,2046
7007744171,2016-04-19,25999,2812
7086361926,2016-04-19,26017,2944
8053475328,2016-04-19,25580,3114
8253242879,2016-04-19,17788,1763
8378563200,2016-04-19,27252,4092
8583815059,2016-04-19,19029,2668
8792009665,2016-04-19,14400,1688
8877689391,2016-04-19,30057,3676
1503960366,2016-04-20,22716,1786
1624580081,2016-04-20,17402,1446
1644430081,2016-04-20,17294,2430
1844505072,2016-04-20,14422,1349
1927972279,2016-04-20,14400,2063
2022484408,2016-04-20,27920,2897
2026352035,2016-04-20,21509,1667
2320127002,2016-04-20,20898,1922
2347167796,2016-04-20,23371,2198
2873212765,2016-04-20,23940,2094
3372868164,2016-04-20,19972,1867
3977333714,2016-04-20,22125,1554
4020332650,2016-04-20,14400,1980
4319703577,2016-04-20,21904,2220
4388161847,2016-04-20,23638,3083
4445114986,2016-04-20,17178,1974
4558609924,2016-04-20,19234,1788
4702921684,2016-04-20,21854,3061
5553957443,2016-04-20,17140,1570
5577150313,2016-04-20,25263,3192
6117666160,2016-04-20,24403,2536
6290855005,2016-04-20,18876,2701
6775888955,2016-04-20,29154,3727
6962181067,2016-04-20,24189,2174
7007744171,2016-04-20,28637,3096
7086361926,2016-04-20,26481,2997
8053475328,2016-04-20,24996,3043
8253242879,2016-04-20,19482,1931
8378563200,2016-04-20,25220,3787
8583815059,2016-04-20,18878,2647
8792009665,2016-04-20,18664,2188
8877689391,2016-04-20,30144,3679
1503960366,2016-04-21,22577,1775
1624580081,2016-04-21,17650,1467
1644430081,2016-04-21,15232,2140
1844505072,2016-04-21,22046,2062
1927972279,2016-04-21,14407,2064
2022484408,2016-04-21,30438,3158
2026352035,2016-04-21,17683,1370
2320127002,2016-04-21,17510,1610
2347167796,2016-04-21,21782,2048
2873212765,2016-04-21,22529,1970
3372868164,2016-04-21,22711,2124
3977333714,2016-04-21,19871,1397
4020332650,2016-04-21,14400,1980
4319703577,2016-04-21,15092,1792
4388161847,2016-04-21,23534,3069
4445114986,2016-04-21,18679,2150
4558609924,2016-04-21,26738,2486
4702921684,2016-04-21,19486,2729
5553957443,2016-04-21,22559,2066
5577150313,2016-04-21,31800,4018
6117666160,2016-04-21,22772,4900
6290855005,2016-04-21,14400,2060
6775888955,2016-04-21,14400,1841
6962181067,2016-04-21,24315,2179
7007744171,2016-04-21,25560,2763
7086361926,2016-04-21,21769,2463
8053475328,2016-04-21,25469,3103
8253242879,2016-04-21,22374,2218
8378563200,2016-04-21,28210,4236
8583815059,2016-04-21,20557,2883
8792009665,2016-04-21,14672,1720
8877689391,2016-04-21,30101,3659
1503960366,2016-04-22,23242,1827
1624580081,2016-04-22,17700,1470
1644430081,2016-04-22,16682,2344
1844505072,2016-04-22,19536,1827
1927972279,2016-04-22,14612,2093
2022484408,2016-04-22,25431,2638
2026352035,2016-04-22,18053,1399
2320127002,2016-04-22,20130,1851
2347167796,2016-04-22,20691,1946
2873212765,2016-04-22,22304,2241
3372868164,2016-04-22,17850,1669
3977333714,2016-04-22,21081,1481
4020332650,2016-04-22,14400,1980
4319703577,2016-04-22,18666,1886
4388161847,2016-04-22,27171,3544
4445114986,2016-04-22,21159,2432
4558609924,2016-04-22,22524,2094
4702921684,2016-04-22,16004,2241
5553957443,2016-04-22,22975,2105
5577150313,2016-04-22,25987,3329
6117666160,2016-04-22,23186,2409
6290855005,2016-04-22,19540,2796
6775888955,2016-04-22,15039,1922
6962181067,2016-04-22,23281,2086
7007744171,2016-04-22,26725,2889
7086361926,2016-04-22,25129,2846
8053475328,2016-04-22,21808,2655
8253242879,2016-04-22,16654,1651
8378563200,2016-04-22,26936,4044
8583815059,2016-04-22,20994,2944
8792009665,2016-04-22,20634,2419
8877689391,2016-04-22,28073,3427
1503960366,2016-04-23,24786,1949
1624580081,2016-04-23,18808,1562
1644430081,2016-04-23,19052,2677
1844505072,2016-04-23,17582,1645
1927972279,2016-04-23,17444,2499
2022484408,2016-04-23,19940,2069
2026352035,2016-04-23,24718,1916
2320127002,2016-04-23,19612,1804
2347167796,2016-04-23,27953,2629
2873212765,2016-04-23,23111,2021
3372868164,2016-04-23,21335,1995
3977333714,2016-04-23,23321,1638
4020332650,2016-04-23,14400,1980
4319703577,2016-04-23,19245,1945
4388161847,2016-04-23,25354,3306
4445114986,2016-04-23,18753,2149
4558609924,2016-04-23,22352,2085
4702921684,2016-04-23,26356,3691
5553957443,2016-04-23,19391,1776
5577150313,2016-04-23,24937,3152
6117666160,2016-04-23,25502,2651
6290855005,2016-04-23,18624,2664
6775888955,2016-04-23,14400,1841
6962181067,2016-04-23,28667,2571
7007744171,2016-04-23,21130,2284
7086361926,2016-04-23,17351,1965
8053475328,2016-04-23,29196,3554
8253242879,2016-04-23,21511,2132
8378563200,2016-04-23,19372,2908
8583815059,2016-04-23,21472,3012
8792009665,2016-04-23,23434,2748
8877689391,2016-04-23,31809,3891
1503960366,2016-04-24,22746,1788
1624580081,2016-04-24,19460,1617
1644430081,2016-04-24,17176,2413
1844505072,2016-04-24,14400,1347
1927972279,2016-04-24,16227,2324
2022484408,2016-04-24,24378,2529
2026352035,2016-04-24,18080,1401
2320127002,2016-04-24,18752,1725
2347167796,2016-04-24,23247,2187
2873212765,2016-04-24,21696,1898
3372868164,2016-04-24,20544,1921
3977333714,2016-04-24,23557,1655
4020332650,2016-04-24,14400,1980
4319703577,2016-04-24,18607,1880
4388161847,2016-04-24,22120,2885
4445114986,2016-04-24,19608,2247
4558609924,2016-04-24,23246,2173
4702921684,2016-04-24,25262,3538
5553957443,2016-04-24,16457,1507
5577150313,2016-04-24,34758,4392
6117666160,2016-04-24,22180,2305
6290855005,2016-04-24,18894,2703
6775888955,2016-04-24,16060,2053
6962181067,2016-04-24,19015,1705
7007744171,2016-04-24,24668,2667
7086361926,2016-04-24,18107,2049
8053475328,2016-04-24,29379,3577
8253242879,2016-04-24,19934,1976
8378563200,2016-04-24,18258,2741
8583815059,2016-04-24,20602,2889
8792009665,2016-04-24,15349,1799
8877689391,2016-04-24,28242,3455
1503960366,2016-04-25,25596,2013
1624580081,2016-04-25,17960,1492
1644430081,2016-04-25,17772,2497
1844505072,2016-04-25,14400,1347
1927972279,2016-04-25,14650,2100
2022484408,2016-04-25,23805,2470
2026352035,2016-04-25,20345,1576
2320127002,2016-04-25,17982,1654
2347167796,2016-04-25,22275,2095
2873212765,2016-04-25,21808,1907
3372868164,2016-04-25,21498,2010
3977333714,2016-04-25,22316,1570
4020332650,2016-04-25,14400,1980
4319703577,2016-04-25,22893,2314
4388161847,2016-04-25,25216,3288
4445114986,2016-04-25,18071,2070
4558609924,2016-04-25,23839,2225
4702921684,2016-04-25,21848,3064
5553957443,2016-04-25,22195,2033
5577150313,2016-04-25,26704,3374
6117666160,2016-04-25,14400,1497
6290855005,2016-04-25,19368,2771
6775888955,2016-04-25,19417,2484
6962181067,2016-04-25,24412,2194
7007744171,2016-04-25,28260,3055
7086361926,2016-04-25,24320,2752
8053475328,2016-04-25,27954,3403
8253242879,2016-04-25,19256,1909
8378563200,2016-04-25,26674,4005
8583815059,2016-04-25,18166,2547
8792009665,2016-04-25,14400,1688
8877689391,2016-04-25,31091,3802
1503960366,2016-04-26,25056,1970
1624580081,2016-04-26,16874,1402
1644430081,2016-04-26,22224,3123
1844505072,2016-04-26,14400,1347
1927972279,2016-04-26,18416,2638
2022484408,2016-04-26,26918,2793
2026352035,2016-04-26,20582,1595
2320127002,2016-04-26,17748,1632
2347167796,2016-04-26,19787,1861
2873212765,2016-04-26,21532,1882
3372868164,2016-04-26,21993,2057
3977333714,2016-04-26,22085,1551
4020332650,2016-04-26,14400,1980
4319703577,2016-04-26,22122,2236
4388161847,2016-04-26,22458,2929
4445114986,2016-04-26,19995,2291
4558609924,2016-04-26,23798,2223
4702921684,2016-04-26,19874,2784
5553957443,2016-04-26,22859,2093
5577150313,2016-04-26,24443,3088
6117666160,2016-04-26,23576,2450
6290855005,2016-04-26,14400,2060
6775888955,2016-04-26,20217,2584
6962181067,2016-04-26,22436,2012
7007744171,2016-04-26,27189,2939
7086361926,2016-04-26,24565,2781
8053475328,2016-04-26,23366,2846
8253242879,2016-04-26,18291,1813
8378563200,2016-04-26,25064,3763
8583815059,2016-04-26,22059,3093
8792009665,2016-04-26,16443,1928
8877689391,2016-04-26,23397,2860
1503960366,2016-04-27,27451,2159
1624580081,2016-04-27,20098,1670
1644430081,2016-04-27,17716,2489
1844505072,2016-04-27,14416,1348
1927972279,2016-04-27,14402,2063
2022484408,2016-04-27,23737,2463
2026352035,2016-04-27,20558,1593
2320127002,2016-04-27,16102,1481
2347167796,2016-04-27,23328,2194
2873212765,2016-04-27,22478,1966
3372868164,2016-04-27,22409,2095
3977333714,2016-04-27,19600,1377
4020332650,2016-04-27,14400,1980
4319703577,2016-04-27,22994,2324
4388161847,2016-04-27,23573,3074
4445114986,2016-04-27,20610,2361
4558609924,2016-04-27,22475,2098
4702921684,2016-04-27,20720,2908
5553957443,2016-04-27,20984,1922
5577150313,2016-04-27,26068,3294
6117666160,2016-04-27,24794,2576
6290855005,2016-04-27,19172,2743
6775888955,2016-04-27,14400,1841
6962181067,2016-04-27,22725,2034
7007744171,2016-04-27,26179,2830
7086361926,2016-04-27,23796,2693
8053475328,2016-04-27,23428,2852
8253242879,2016-04-27,20257,2008
8378563200,2016-04-27,20390,3061
8583815059,2016-04-27,22408,3142
8792009665,2016-04-27,17620,2067
8877689391,2016-04-27,31128,3808
1503960366,2016-04-28,24141,1898
1624580081,2016-04-28,16870,1401
1644430081,2016-04-28,22122,3108
1844505072,2016-04-28,21294,1992
1927972279,2016-04-28,16411,2351
2022484408,2016-04-28,22126,2296
2026352035,2016-04-28,21285,1649
2320127002,2016-04-28,16014,1473
2347167796,2016-04-28,19719,1854
2873212765,2016-04-28,20993,1835
3372868164,2016-04-28,21090,1972
3977333714,2016-04-28,20033,1407
4020332650,2016-04-28,14400,1980
4319703577,2016-04-28,23420,2367
4388161847,2016-04-28,22764,2969
4445114986,2016-04-28,19231,2203
4558609924,2016-04-28,23402,2185
4702921684,2016-04-28,21658,3033
5553957443,2016-04-28,21830,1999
5577150313,2016-04-28,28334,3580
6117666160,2016-04-28,18087,1879
6290855005,2016-04-28,18780,2687
6775888955,2016-04-28,15589,1993
6962181067,2016-04-28,24388,2182
7007744171,2016-04-28,26236,2836
7086361926,2016-04-28,25274,2862
8053475328,2016-04-28,25150,3062
8253242879,2016-04-28,15940,1580
8378563200,2016-04-28,19214,2884
8583815059,2016-04-28,19660,2757
8792009665,2016-04-28,23709,2780
8877689391,2016-04-28,25065,3060
1503960366,2016-04-29,23365,1837
1624580081,2016-04-29,16900,1404
1644430081,2016-04-29,17776,2498
1844505072,2016-04-29,19840,1856
1927972279,2016-04-29,14400,2063
2022484408,2016-04-29,25166,2611
2026352035,2016-04-29,21841,1692
2320127002,2016-04-29,15334,1410
2347167796,2016-04-29,3665,403
2873212765,2016-04-29,20360,1780
3372868164,2016-04-29,21864,2044
3977333714,2016-04-29,21990,1545
4020332650,2016-04-29,14400,1980
4319703577,2016-04-29,21525,2175
4388161847,2016-04-29,22841,2979
4445114986,2016-04-29,19147,2196
4558609924,2016-04-29,20591,1918
4702921684,2016-04-29,22596,3165
5553957443,2016-04-29,23687,2169
5577150313,2016-04-29,28052,3544
6117666160,2016-04-29,24635,2560
6290855005,2016-04-29,14400,2060
6775888955,2016-04-29,14406,1841
6962181067,2016-04-29,25141,2254
7007744171,2016-04-29,29420,3180
7086361926,2016-04-29,23102,2616
8053475328,2016-04-29,22953,2794
8253242879,2016-04-29,18025,1854
8378563200,2016-04-29,19866,2982
8583815059,2016-04-29,25026,3513
8792009665,2016-04-29,26449,3101
8877689391,2016-04-29,22120,2698
1503960366,2016-04-30,24763,1947
1624580081,2016-04-30,19922,1655
1644430081,2016-04-30,27370,3846
1844505072,2016-04-30,18844,1763
1927972279,2016-04-30,14400,2064
2022484408,2016-04-30,26330,2732
2026352035,2016-04-30,19435,1506
2320127002,2016-04-30,19338,1779
2873212765,2016-04-30,20934,1830
3372868164,2016-04-30,20816,1946
3977333714,2016-04-30,23484,1650
4020332650,2016-04-30,14400,1980
4319703577,2016-04-30,20698,2092
4388161847,2016-04-30,25172,3283
4445114986,2016-04-30,20626,2363
4558609924,2016-04-30,22588,2105
4702921684,2016-04-30,22244,3115
5553957443,2016-04-30,15975,1463
5577150313,2016-04-30,35621,4501
6117666160,2016-04-30,21896,2275
6290855005,2016-04-30,19872,2843
6775888955,2016-04-30,17836,2280
6962181067,2016-04-30,22398,2002
7007744171,2016-04-30,18972,2051
7086361926,2016-04-30,26472,2995
8053475328,2016-04-30,19784,2408
8378563200,2016-04-30,17718,2660
8583815059,2016-04-30,22564,3164
8792009665,2016-04-30,24703,2896
8877689391,2016-04-30,35933,4398
1503960366,2016-05-01,23282,1820
1624580081,2016-05-01,32380,2690
1644430081,2016-05-01,19186,2696
1844505072,2016-05-01,16476,1541
1927972279,2016-05-01,16832,2411
2022484408,2016-05-01,22940,2380
2026352035,2016-05-01,18677,1447
2320127002,2016-05-01,15258,1403
2873212765,2016-05-01,19894,1739
3372868164,2016-05-01,12472,1237
3977333714,2016-05-01,21368,1501
4020332650,2016-05-01,14400,1980
4319703577,2016-05-01,15767,1593
4388161847,2016-05-01,22440,2926
4445114986,2016-05-01,19604,2246
4558609924,2016-05-01,18164,1692
4702921684,2016-05-01,14400,2017
5553957443,2016-05-01,19075,1747
5577150313,2016-05-01,35981,4546
6117666160,2016-05-01,22718,2361
6290855005,2016-05-01,23278,3327
6775888955,2016-05-01,18143,2319
6962181067,2016-05-01,19365,1740
7007744171,2016-05-01,20586,2225
7086361926,2016-05-01,24118,2730
8053475328,2016-05-01,15490,1886
8378563200,2016-05-01,22444,3369
8583815059,2016-05-01,17560,2596
8792009665,2016-05-01,16737,1962
8877689391,2016-05-01,22786,2786
1503960366,2016-05-02,25655,2004
1624580081,2016-05-02,18016,1497
1644430081,2016-05-02,18048,2580
1844505072,2016-05-02,14408,1348
1927972279,2016-05-02,17485,2505
2022484408,2016-05-02,23841,2473
2026352035,2016-05-02,21808,1690
2320127002,2016-05-02,17538,1613
2873212765,2016-05-02,21484,1878
3977333714,2016-05-02,25059,1760
4020332650,2016-05-02,16052,2207
4319703577,2016-05-02,22402,2270
4388161847,2016-05-02,24130,3147
4445114986,2016-05-02,20385,2336
4558609924,2016-05-02,22311,2066
4702921684,2016-05-02,20410,2859
5553957443,2016-05-02,21881,1996
5577150313,2016-05-02,23851,3014
6117666160,2016-05-02,19649,2044
6290855005,2016-05-02,19044,2725
6775888955,2016-05-02,14401,1841
6962181067,2016-05-02,24104,2162
7007744171,2016-05-02,24436,2642
7086361926,2016-05-02,24337,2754
8053475328,2016-05-02,16377,1988
8378563200,2016-05-02,23250,3491
8583815059,2016-05-02,14400,2894
8792009665,2016-05-02,17173,2015
8877689391,2016-05-02,17881,2189
1503960366,2016-05-03,25477,1990
1624580081,2016-05-03,16056,1334
1644430081,2016-05-03,23632,3324
1844505072,2016-05-03,18626,1742
1927972279,2016-05-03,15327,2195
2022484408,2016-05-03,26523,2752
2026352035,2016-05-03,20698,1604
2320127002,2016-05-03,20422,1878
2873212765,2016-05-03,21796,1906
3977333714,2016-05-03,24329,1710
4020332650,2016-05-03,20540,2828
4319703577,2016-05-03,22115,2235
4388161847,2016-05-03,25225,3290
4445114986,2016-05-03,21126,2421
4558609924,2016-05-03,21090,1953
4702921684,2016-05-03,22442,3145
5553957443,2016-05-03,23172,2116
5577150313,2016-05-03,30034,3795
6117666160,2016-05-03,14400,1496
6290855005,2016-05-03,18668,2671
6775888955,2016-05-03,14418,1843
6962181067,2016-05-03,23179,2072
7007744171,2016-05-03,27528,2976
7086361926,2016-05-03,24335,2754
8053475328,2016-05-03,24903,3023
8378563200,2016-05-03,25204,3784
8583815059,2016-05-03,14400,3212
8792009665,2016-05-03,19594,2297
8877689391,2016-05-03,23089,2817
1503960366,2016-05-04,23287,1819
1624580081,2016-05-04,16472,1368
1644430081,2016-05-04,15818,2222
1844505072,2016-05-04,16562,1549
1927972279,2016-05-04,16324,2338
2022484408,2016-05-04,25534,2649
2026352035,2016-05-04,21396,1658
2320127002,2016-05-04,15508,1426
2873212765,2016-05-04,23042,2015
3977333714,2016-05-04,23051,1628
4020332650,2016-05-04,28154,3879
4319703577,2016-05-04,22582,2282
4388161847,2016-05-04,24244,3162
4445114986,2016-05-04,18069,2070
4558609924,2016-05-04,19896,1842
4702921684,2016-05-04,21446,3004
5553957443,2016-05-04,18613,1698
5577150313,2016-05-04,21792,2755
6117666160,2016-05-04,18301,1902
6290855005,2016-05-04,18998,2718
6775888955,2016-05-04,14400,1841
6962181067,2016-05-04,23323,2086
7007744171,2016-05-04,14405,1557
7086361926,2016-05-04,23462,2655
8053475328,2016-05-04,24024,2918
8378563200,2016-05-04,20712,3110
8583815059,2016-05-04,14400,2516
8792009665,2016-05-04,17628,2067
8877689391,2016-05-04,28577,3477
1503960366,2016-05-05,25082,1959
1624580081,2016-05-05,16496,1370
1644430081,2016-05-05,17533,2463
1844505072,2016-05-05,16992,1589
1927972279,2016-05-05,14400,2063
2022484408,2016-05-05,25145,2609
2026352035,2016-05-05,24855,1926
2320127002,2016-05-05,19356,1780
2873212765,2016-05-05,22543,1971
3977333714,2016-05-05,23027,1618
4020332650,2016-05-05,24915,3429
4319703577,2016-05-05,25028,2530
4388161847,2016-05-05,22231,2899
4445114986,2016-05-05,18507,2120
4558609924,2016-05-05,24418,2262
4702921684,2016-05-05,21450,3006
5553957443,2016-05-05,23628,2156
5577150313,2016-05-05,23779,3004
6117666160,2016-05-05,25369,2636
6290855005,2016-05-05,18748,2682
6775888955,2016-05-05,14400,1841
6962181067,2016-05-05,23069,2066
7007744171,2016-05-05,27133,2933
7086361926,2016-05-05,21025,2386
8053475328,2016-05-05,24299,2950
8378563200,2016-05-05,25198,3783
8583815059,2016-05-05,15926,3266
8792009665,2016-05-05,14401,1688
8877689391,2016-05-05,25083,3052
1503960366,2016-05-06,24272,1896
1624580081,2016-05-06,16140,1341
1644430081,2016-05-06,24082,3328
1844505072,2016-05-06,14442,1351
1927972279,2016-05-06,16633,2383
2022484408,2016-05-06,24079,2498
2026352035,2016-05-06,22409,1736
2320127002,2016-05-06,18942,1742
2873212765,2016-05-06,21850,1910
3977333714,2016-05-06,22618,1590
4020332650,2016-05-06,19645,2704
4319703577,2016-05-06,22399,2266
4388161847,2016-05-06,26260,3425
4445114986,2016-05-06,19296,2211
4558609924,2016-05-06,18600,1722
4702921684,2016-05-06,20392,2859
5553957443,2016-05-06,20995,1916
5577150313,2016-05-06,20918,2643
6117666160,2016-05-06,17676,1838
6290855005,2016-05-06,19614,2806
6775888955,2016-05-06,19525,2496
6962181067,2016-05-06,20630,1850
7007744171,2016-05-06,23619,2553
7086361926,2016-05-06,25834,2924
8053475328,2016-05-06,23550,2859
8378563200,2016-05-06,24272,3644
8583815059,2016-05-06,19127,2683
8792009665,2016-05-06,14400,1688
8877689391,2016-05-06,32836,4015
1503960366,2016-05-07,23311,1821
1624580081,2016-05-07,17738,1474
1644430081,2016-05-07,24223,3404
1844505072,2016-05-07,14402,1347
1927972279,2016-05-07,15565,2229
2022484408,2016-05-07,19232,1995
2026352035,2016-05-07,19241,1491
2320127002,2016-05-07,21442,1972
2873212765,2016-05-07,21690,1897
3977333714,2016-05-07,22411,1574
4020332650,2016-05-07,20671,2975
4319703577,2016-05-07,21377,2158
4388161847,2016-05-07,30840,4022
4445114986,2016-05-07,18533,2123
4558609924,2016-05-07,21306,1973
4702921684,2016-05-07,26298,3683
5553957443,2016-05-07,16376,1494
5577150313,2016-05-07,14400,1819
6117666160,2016-05-07,23758,2469
6290855005,2016-05-07,18264,2613
6775888955,2016-05-07,7911,1032
6962181067,2016-05-07,21752,1947
7007744171,2016-05-07,600,120
7086361926,2016-05-07,24207,2739
8053475328,2016-05-07,27439,3331
8378563200,2016-05-07,18644,2799
8583815059,2016-05-07,20041,2810
8792009665,2016-05-07,14400,1688
8877689391,2016-05-07,33858,4142
1503960366,2016-05-08,22275,1740
1624580081,2016-05-08,17176,1427
1644430081,2016-05-08,21262,2987
1844505072,2016-05-08,14402,1347
1927972279,2016-05-08,14401,2063
2022484408,2016-05-08,17801,1848
2026352035,2016-05-08,20064,1555
2320127002,2016-05-08,19804,1821
2873212765,2016-05-08,23966,2096
3977333714,2016-05-08,23251,1633
4020332650,2016-05-08,22416,3089
4319703577,2016-05-08,17743,1792
4388161847,2016-05-08,30168,3934
4445114986,2016-05-08,21147,2423
4558609924,2016-05-08,28812,2666
4702921684,2016-05-08,23468,3287
5553957443,2016-05-08,19315,1762
5577150313,2016-05-08,14400,1819
6117666160,2016-05-08,21657,2250
6290855005,2016-05-08,18954,2712
6962181067,2016-05-08,18541,1659
7086361926,2016-05-08,22394,2534
8053475328,2016-05-08,29565,3589
8378563200,2016-05-08,17888,2685
8583815059,2016-05-08,20964,2940
8792009665,2016-05-08,14400,1688
8877689391,2016-05-08,23270,2847
1503960366,2016-05-09,23289,1819
1624580081,2016-05-09,15988,1328
1644430081,2016-05-09,21408,3008
1844505072,2016-05-09,14400,1347
1927972279,2016-05-09,14400,2063
2022484408,2016-05-09,26109,2709
2026352035,2016-05-09,24078,1869
2320127002,2016-05-09,17720,1630
2873212765,2016-05-09,21806,1906
3977333714,2016-05-09,23598,1667
4020332650,2016-05-09,20248,2785
4319703577,2016-05-09,23229,2345
4388161847,2016-05-09,23104,3013
4445114986,2016-05-09,19909,2281
4558609924,2016-05-09,24027,2223
4702921684,2016-05-09,21352,2990
5553957443,2016-05-09,24904,2272
5577150313,2016-05-09,19699,2489
6117666160,2016-05-09,10444,1248
6290855005,2016-05-09,14636,2175
6962181067,2016-05-09,23307,2105
7086361926,2016-05-09,26146,2960
8053475328,2016-05-09,22776,2765
8378563200,2016-05-09,24784,3721
8583815059,2016-05-09,20963,2947
8792009665,2016-05-09,14400,1688
8877689391,2016-05-09,30250,3710
1503960366,2016-05-10,23798,1859
1624580081,2016-05-10,16766,1393
1644430081,2016-05-10,19924,2799
1844505072,2016-05-10,14400,1347
1927972279,2016-05-10,14400,2063
2022484408,2016-05-10,26957,2797
2026352035,2016-05-10,14726,1141
2320127002,2016-05-10,20642,1899
2873212765,2016-05-10,22440,1962
3977333714,2016-05-10,23199,1630
4020332650,2016-05-10,21197,2926
4319703577,2016-05-10,22390,2260
4388161847,2016-05-10,23469,3061
4445114986,2016-05-10,19037,2181
4558609924,2016-05-10,20406,1889
4702921684,2016-05-10,22650,3172
5553957443,2016-05-10,25597,2335
5577150313,2016-05-10,30396,3841
6962181067,2016-05-10,26196,2361
7086361926,2016-05-10,24700,2800
8053475328,2016-05-10,24101,2926
8378563200,2016-05-10,23884,3586
8583815059,2016-05-10,20266,2846
8877689391,2016-05-10,23136,2832
1503960366,2016-05-11,22053,1783
1624580081,2016-05-11,16354,1359
1644430081,2016-05-11,8390,1276
1844505072,2016-05-11,14400,1347
1927972279,2016-05-11,14400,2063
2022484408,2016-05-11,24522,2544
2026352035,2016-05-11,21915,1698
2320127002,2016-05-11,20692,1903
2873212765,2016-05-11,20788,1826
4020332650,2016-05-11,19193,2645
4319703577,2016-05-11,22106,2232
4388161847,2016-05-11,22651,2954
4445114986,2016-05-11,21813,2499
4558609924,2016-05-11,23023,2131
4702921684,2016-05-11,21916,3069
5553957443,2016-05-11,18555,1693
5577150313,2016-05-11,13054,1665
6962181067,2016-05-11,20613,1855
7086361926,2016-05-11,24170,2735
8053475328,2016-05-11,23136,2809
8378563200,2016-05-11,25228,3788
8583815059,2016-05-11,19469,2804
8877689391,2016-05-11,31326,3832
1624580081,2016-05-12,11528,1002
1844505072,2016-05-12,6600,665
1927972279,2016-05-12,9600,1383
2022484408,2016-05-12,15640,1853
2026352035,2016-05-12,16723,1364
2320127002,2016-05-12,11568,1125
2873212765,2016-05-12,15857,1431
4020332650,2016-05-12,7491,1120
4319703577,2016-05-12,2445,257
4388161847,2016-05-12,11913,1623
4445114986,2016-05-12,8513,1212
4558609924,2016-05-12,15156,1452
4702921684,2016-05-12,8722,1240
5553957443,2016-05-12,7837,741
6962181067,2016-05-12,10298,928
7086361926,2016-05-12,8792,1199
8053475328,2016-05-12,12233,1505
8378563200,2016-05-12,10704,1976
8877689391,2016-05-12,13673,1849
